Provinsi,Tahun,Error_Percentage
Lampung,1991,0.00017592289768454978
Aceh,2019,0.00018000686686976206
Lampung,2011,0.00019011667950319633
Riau,2002,0.0003412862175964857
Jambi,2013,0.0003475500075587923
Sumatera Barat,1999,0.0003623033082305471
Riau,2004,0.0005302872933107762
Sumatera Utara,2005,0.0007056877500395686
Sumatera Barat,1998,0.0007464574699793866
Sumatera Barat,1998,0.0007738623239903553
