Provinsi,Tahun,Error_Percentage
Aceh,2013,1310.6194864062059
Sumatera Utara,2006,1264.0658258886117
Riau,2006,953.2037214332336
Sumatera Utara,2005,753.744971313912
Riau,2021,585.6853243799866
Sumatera Selatan,2009,577.3836447958791
Lampung,1997,496.82264796437437
Lampung,2005,493.1246828587018
Lampung,1998,369.47339766142943
Lampung,2006,340.7419976125833
